round_id,match_id,team_initials,coach_name,line_up,shirt_number,player_name,position,event
201,1090,USA,MILLAR Bob (USA),S,0,Tom FLORIE,C,G45'
201,1093,BRA,DE CARVALHO Pindaro (BRA),S,0,PREGUINHO,C,G62'
201,1098,PER,BRU Francisco (ESP),S,0,Placido GALINDO,C,R70'
201,1091,BRA,DE CARVALHO Pindaro (BRA),S,0,PREGUINHO,C,G67' G83'
201,1089,PAR,DURAND LAGUNA Jose (ARG),S,0,Luis VARGAS PENA,C,G40'
201,1084,CHI,ORTH Gyorgy (HUN),S,0,Guillermo SUBIABRE,C,G15'
418,1106,AUT,MEISL Hugo (AUT),S,0,Johann HORVATH,C,G8'
3491,1105,AUT,MEISL Hugo (AUT),S,0,Johann HORVATH,C,G28'
206,1173,HUN,DIETZ Karoly (HUN),S,0,Gyorgy SAROSI,C,G28' G89'
206,1157,ROU,BRAUN Coloman (ROU),S,0,Stefan DOBAY,C,G35'
206,1157,CUB,TAPIA Jose (CUB),S,0,Tomas FERNANDEZ,C,G57'
429,1175,HUN,DIETZ Karoly (HUN),S,0,Gyorgy SAROSI,C,G40'
429,1158,SWE,NAGY Joszef (HUN),S,0,Tore KELLER,C,G80'
429,1153,BRA,PIMENTA Ademar (BRA),S,0,LEONIDAS,C,G57'
3489,1176,HUN,DIETZ Karoly (HUN),S,0,Gyorgy SAROSI,C,G65'
3489,1149,ITA,POZZO Vittorio (ITA),S,0,Giuseppe MEAZZA,C,P60'
3488,1151,BRA,PIMENTA Ademar (BRA),S,0,LEONIDAS,C,G63' G74'
3487,1174,HUN,DIETZ Karoly (HUN),S,0,Gyorgy SAROSI,C,G70'
208,1219,ITA,NOVO Ferruccio (ITA),S,0,Riccardo CARAPELLESE,C,G7'
208,1230,YUG,ARSENIJEVIC Milorad (YUG),S,0,Rajko MITIC,C,G59'
208,1228,PAR,FLEITAS SOLICH Manuel (PAR),S,0,Cesar LOPEZ FRETES,C,G35'
208,1218,ITA,NOVO Ferruccio (ITA),S,0,Riccardo CARAPELLESE,C,G12'
208,1222,MEX,VIAL Octavio (MEX),S,0,Horacio CASARIN,C,G89'
209,1207,URU,LOPEZ Juan (URU),S,0,Obdulio VARELA,C,G73'
209,1206,ESP,EIZAGUIRRE Guillermo (ESP),S,0,ZARRA,C,G82'
211,1294,HUN,SEBES Gusztav (HUN),S,10,Ferenc PUSKAS,C,G12' G89'
211,1300,ITA,CZEIZLER Lajos (HUN),S,19,Giampiero BONIPERTI,C,G44'
211,1277,HUN,SEBES Gusztav (HUN),S,10,Ferenc PUSKAS,C,G17'
211,1243,ITA,CZEIZLER Lajos (HUN),S,8,Egisto PANDOLFINI,C,P41'
211,1284,TUR,PUPPO Sandro (ITA),S,11,Lefter KUCUKANDONYADIS,C,G82'
211,1284,FRG,HERBERGER Sepp (FRG),S,16,Fritz WALTER,C,G62'
212,1264,URU,LOPEZ Juan (URU),S,5,Obdulio VARELA,C,G39'
212,1237,AUT,NAUSCH Walter (AUT),S,5,Ernst OCWIRK,C,G32'
212,1248,HUN,SEBES Gusztav (HUN),S,5,Jozsef BOZSIK,C,R71'
462,1233,FRG,HERBERGER Sepp (FRG),S,16,Fritz WALTER,C,P54' P64'
3485,1239,AUT,NAUSCH Walter (AUT),S,5,Ernst OCWIRK,C,G79'
3484,1278,HUN,SEBES Gusztav (HUN),S,10,Ferenc PUSKAS,C,G6'
220,1415,SWE,RAYNOR George (ENG),S,4,Nils LIEDHOLM,C,P57'
220,1372,URS,KACHALIN Gavril (URS),S,9,Nikita SIMONYAN,C,G13'
220,1423,PAR,GONZALEZ Aurelio (PAR),S,7,Juan AGUERO,C,G4'
220,1391,FRG,HERBERGER Sepp (FRG),S,11,Hans SCHAEFER,C,G59'
220,1426,PAR,GONZALEZ Aurelio (PAR),S,7,Juan AGUERO,C,G49'
488,1390,FRG,HERBERGER Sepp (FRG),S,11,Hans SCHAEFER,C,G24'
3483,1382,FRG,HERBERGER Sepp (FRG),S,11,Hans SCHAEFER,C,G84'
3482,1343,SWE,RAYNOR George (ENG),S,4,Nils LIEDHOLM,C,G4'
231,1479,COL,PEDERNERA Adolfo (ARG),S,3,Francisco ZULUAGA,C,P19'
231,1447,ARG,LORENZO Juan Carlos (ARG),S,15,Ruben NAVARRO,C,Y1'
231,1564,YUG,LOVRIC Ljubomir (YUG),S,10,Milan GALIC,C,G29'
231,1480,YUG,LOVRIC Ljubomir (YUG),S,10,Milan GALIC,C,G20' G61'
514,1458,CHI,RIERA Fernando (CHI),S,8,Jorge TORO,C,G42'
238,1609,PRK,MYUNG Rye Hyun (PRK),S,8,PAK Seung Zin,C,G88'
238,1637,FRG,SCHOEN Helmut (FRG),S,9,Uwe SEELER,C,G84'
239,1577,ARG,LORENZO Juan Carlos (ARG),S,10,Antonio RATTIN,C,Y1' R35'
239,1660,URU,VIERA Ondino (URU),S,2,Horacio TROCHE,C,R49'
239,1660,FRG,SCHOEN Helmut (FRG),S,9,Uwe SEELER,C,G75'
239,1702,POR,GLORIA Otto (BRA),S,10,MARIO COLUNA,C,Y1'
239,1702,PRK,MYUNG Rye Hyun (PRK),S,8,PAK Seung Zin,C,G1'
250,1902,MEX,CARDENAS Raul (MEX),S,3,Gustavo PENA,C,Y1'
250,1881,URU,HOHBERG Juan (URU),S,8,Pedro ROCHA,C,O12'
250,1780,PER,DIDI (BRA),S,4,Hector CHUMPITAZ,C,G55'
250,1839,FRG,SCHOEN Helmut (FRG),S,9,Uwe SEELER,C,G56'
250,1839,MAR,VIDINIC Blagoje (YUG),S,8,Driss BAMOUS,C,O72'
250,1770,TCH,MARKO Jozef (TCH),S,5,Alexander HORVATH,C,Y1'
250,1919,ROU,NICULESCU Angelo (ROU),S,11,Mircea LUCESCU,C,O69'
250,1880,ISR,SHEFFER Emmanuel (ISR),S,10,Mordechai SPIEGLER,C,G56'
250,1774,FRG,SCHOEN Helmut (FRG),S,9,Uwe SEELER,C,G70'
250,1774,BUL,BOZHKOV Stefan (BUL),S,15,Boris GAGANELOV,C,O58'
250,1820,SLV,CARRASCO Hernan (CHI),S,1,Raul MAGANA,GK,Y1'
250,1820,SLV,CARRASCO Hernan (CHI),S,3,Salvador MARIONA,C,Y1'
250,1769,ROU,NICULESCU Angelo (ROU),S,21,Stere ADAMACHE,GK,O27'
250,1779,MAR,VIDINIC Blagoje (YUG),S,8,Driss BAMOUS,C,OH46'
250,1752,MEX,CARDENAS Raul (MEX),S,3,Gustavo PENA,C,Y1' P14'
250,1752,BEL,GOETHALS Raymond (BEL),S,10,Paul VAN HIMST,C,Y1'
251,1811,FRG,SCHOEN Helmut (FRG),S,9,Uwe SEELER,C,G82'
569,1771,BRA,ZAGALLO Mario (BRA),S,4,CARLOS ALBERTO,C,Y1'
3477,1843,URU,HOHBERG Juan (URU),S,4,Luis UBINA,C,Y1'
3476,1765,BRA,ZAGALLO Mario (BRA),S,4,CARLOS ALBERTO,C,G86'
262,2003,CHI,ALAMOS Luis (CHI),S,8,Francisco VALDES,C,O76'
262,2176,ZAI,VIDINIC Blagoje (YUG),S,10,Kidumu MANTANTU,C,Y40' O78'
262,2098,URU,PORTA Roberto (URU),S,3,Juan MASNIK,C,Y65'
262,1952,ARG,CAP Vladislao (ARG),S,14,Roberto PERFUMO,C,Y1'
262,2004,CHI,ALAMOS Luis (CHI),S,8,Francisco VALDES,C,OH46'
262,2186,ZAI,VIDINIC Blagoje (YUG),S,1,Kazadi MUAMBA,GK,O21'
262,2186,YUG,MILJANIC Miljan (SRB),S,11,Dragan DZAJIC,C,G14'
262,2186,ZAI,VIDINIC Blagoje (YUG),N,12,Tubilandu NDIMBI,GK,I21'
262,1996,BUL,MLADENOV Hristo (BUL),S,8,Hristo BONEV,C,G75'
262,2085,POL,GORSKI Kazimierz (POL),S,12,Kazimierz DEYNA,C,G18'
262,1949,ARG,CAP Vladislao (ARG),S,14,Roberto PERFUMO,C,W35'
262,1953,CHI,ALAMOS Luis (CHI),S,8,Francisco VALDES,C,O57'
262,1987,BRA,ZAGALLO Mario (BRA),S,5,WILSON PIAZZA,C,O59'
262,1987,ZAI,VIDINIC Blagoje (YUG),S,10,Kidumu MANTANTU,C,O62'
262,2062,GDR,BUSCHNER Georg (GER),S,1,Juergen CROY,GK,Y81'
262,1990,NED,MICHELS Rinus (NED),S,14,Johan CRUYFF,C,Y29'
262,1947,HAI,TASSY Antoine (HAI),S,14,Wilner NAZAIRE,C,O25'
262,2129,POL,GORSKI Kazimierz (POL),S,12,Kazimierz DEYNA,C,G44'
263,2066,YUG,MILJANIC Miljan (SRB),S,11,Dragan DZAJIC,C,O84'
263,1948,ARG,CAP Vladislao (ARG),S,14,Roberto PERFUMO,C,Y35'
263,1948,NED,MICHELS Rinus (NED),S,14,Johan CRUYFF,C,G10' G90'
263,1945,ARG,CAP Vladislao (ARG),S,6,Miguel BRINDISI,C,G35'
263,2170,POL,GORSKI Kazimierz (POL),S,12,Kazimierz DEYNA,C,P24' O80'
263,2065,SWE,ERICSON Georg (SWE),S,7,Bo LARSSON,C,O32'
263,1983,BRA,ZAGALLO Mario (BRA),S,3,MARINHO PERES,C,Y44'
263,1983,NED,MICHELS Rinus (NED),S,14,Johan CRUYFF,C,G65'
605,2063,NED,MICHELS Rinus (NED),S,14,Johan CRUYFF,C,Y45'
278,2433,MEX,ROCA Jose (MEX),S,5,Arturo VAZQUEZ,C,P45'
278,2433,TUN,CHETALI Abdelmajid (TUN),S,7,Temime LAKHZAMI,C,O88'
278,2199,ARG,MENOTTI Cesar Luis (ARG),S,19,Daniel PASSARELLA,C,Y77'
278,2451,SCO,MacLEOD Alistair (SCO),S,6,Bruce RIOCH,C,O75'
278,2350,MEX,ROCA Jose (MEX),S,1,Jose REYES,GK,O39'
278,2350,MEX,ROCA Jose (MEX),S,5,Arturo VAZQUEZ,C,Y1'
278,2350,MEX,ROCA Jose (MEX),N,22,Pedro SOTO,GK,I39'
278,2197,FRA,HIDALGO Michel (FRA),S,21,Jean Paul BERTRAND DEMANES,GK,O55'
278,2197,ARG,MENOTTI Cesar Luis (ARG),S,19,Daniel PASSARELLA,C,P45'
278,2431,POL,GMOCH Jacek (POL),S,12,Kazimierz DEYNA,C,G56'
278,2337,ESP,KUBALA Ladislao (ESP),S,4,Juan Manuel ASENSI,C,G75'
279,2450,PER,CALDERON Marcos (PER),S,21,Ramon QUIROGA,GK,Y89'
279,2348,FRG,SCHOEN Helmut (FRG),S,1,Sepp MAIER,GK,Y1'
279,2391,NED,HAPPEL Ernst (AUT),S,1,Piet SCHRIJVERS,GK,O21'
279,2391,NED,HAPPEL Ernst (AUT),N,8,Jan JONGBLOED,GK,I21'
279,2217,AUT,SENEKOWITSCH Helmut (AUT),S,2,Robert SARA,C,Y1'
279,2217,FRG,SCHOEN Helmut (FRG),S,2,Berti VOGTS,C,W59'
639,2198,NED,HAPPEL Ernst (AUT),S,5,Ruud KROL,C,Y15'
293,791,BRA,SANTANA Tele (BRA),S,8,SOCRATES,C,G75'
293,833,CMR,VINCENT Jean (FRA),S,1,Thomas NKONO,GKC,Y80'
293,896,HUN,MESZOLY Kalman (HUN),S,8,Tibor NYILASI,C,Y1' G4' G83'
293,1051,NZL,ADSHEAD John (NZL),S,10,Steve SUMNER,C,G54'
293,741,FRG,DERWALL Jupp (GER),S,11,Karl-Heinz RUMMENIGGE,C,G67'
293,994,PER,TIM (BRA),S,15,Ruben DIAZ,C,G83'
293,813,FRG,DERWALL Jupp (GER),S,11,Karl-Heinz RUMMENIGGE,C,G9' G57' G66'
293,889,TCH,VENGLOS Jozef (SVK),S,1,Stanislav SEMAN,GK,O75'
293,919,FRA,HIDALGO Michel (FRA),S,10,Michel PLATINI,C,G43' O81'
293,959,NIR,BINGHAM Billy (NIR),S,8,Martin O NEILL,C,O78'
293,779,BEL,THYS Guy (BEL),S,1,Jean Marie PFAFF,GK,Y65'
293,779,BEL,THYS Guy (BEL),S,2,Eric GERETS,C,O62'
293,1071,URS,BESKOV Konstantin (RUS),S,3,Aleksandre CHIVADZE,C,G59'
293,1071,SCO,STEIN Jock (SCO),S,4,Graeme SOUNESS,C,Y5' G86'
293,751,ARG,MENOTTI Cesar Luis (ARG),S,15,Daniel PASSARELLA,C,P22'
293,962,HON,DE LA PAZ Jose (HON),S,6,Ramon MARADIAGA,C,Y85'
293,770,FRG,DERWALL Jupp (GER),S,11,Karl-Heinz RUMMENIGGE,C,O66'
294,767,AUT,SCHMIDT Georg (AUT),S,3,Erich OBERMAYER,C,Y60'
294,753,ARG,MENOTTI Cesar Luis (ARG),S,15,Daniel PASSARELLA,C,G83'
294,750,BRA,SANTANA Tele (BRA),S,1,WALDIR PERES,GK,Y77'
294,750,ARG,MENOTTI Cesar Luis (ARG),S,15,Daniel PASSARELLA,C,Y33'
294,900,FRG,DERWALL Jupp (GER),S,11,Karl-Heinz RUMMENIGGE,C,I46'
294,1058,URS,BESKOV Konstantin (RUS),S,3,Aleksandre CHIVADZE,C,Y1'
294,788,BRA,SANTANA Tele (BRA),S,8,SOCRATES,C,G12'
295,996,POL,PIECHNICZEK Antoni (POL),S,9,Wladyslaw ZMUDA,C,Y51'
295,914,FRA,HIDALGO Michel (FRA),S,10,Michel PLATINI,C,P26'
3475,923,FRG,DERWALL Jupp (GER),S,11,Karl-Heinz RUMMENIGGE,C,O70'
308,395,KOR,KIM Jung Nam (KOR),S,10,PARK Chang Sun,C,Y50' G73'
308,379,NIR,BINGHAM Billy (NIR),S,8,Sam McILROY,C,Y78'
308,428,MEX,MILUTINOVIC Bora (YUG),S,10,Tomas BOY,C,O69'
308,538,ENG,ROBSON Bobby (ENG),S,7,Bryan ROBSON,C,O80'
308,585,URU,BORRAS Omar (URU),S,8,Jorge BARRIOS,C,O56'
308,394,ARG,BILARDO Carlos (ARG),S,10,Diego MARADONA,C,G34'
308,475,CAN,WAITERS Tony (ENG),S,3,Bruce WILSON,C,O41'
308,475,HUN,MEZEY Gyorgy (HUN),S,8,Antal NAGY,C,O62'
308,533,ENG,ROBSON Bobby (ENG),S,7,Bryan ROBSON,C,O41'
308,680,MEX,MILUTINOVIC Bora (YUG),S,10,Tomas BOY,C,O58'
308,701,POR,JOSE TORRES (POR),S,9,GOMES,C,OH46'
308,427,IRQ,EVARISTO (BRA),S,1,HAMMOUDI RAAD,GKC,Y20'
308,476,URS,LOBANOVSKYI Valeriy (UKR),S,11,Oleg BLOKHIN,C,G58' O62'
308,643,ITA,BEARZOT Enzo (ITA),S,6,Gaetano SCIREA,C,Y65'
308,429,BEL,THYS Guy (BEL),S,11,Jan CEULEMANS,C,Y55'
308,627,IRQ,EVARISTO (BRA),S,3,KHALIL MOHAMED,C,Y73'
308,675,POR,JOSE TORRES (POR),S,9,GOMES,C,Y64'
308,378,ALG,SAADANE Rabah (ALG),S,1,Nasser DRID,GK,O20'
308,712,URU,BORRAS Omar (URU),S,12,Fernando ALVEZ,GK,Y87'
309,432,BEL,THYS Guy (BEL),S,11,Jan CEULEMANS,C,G77'
309,463,MEX,MILUTINOVIC Bora (YUG),S,10,Tomas BOY,C,O79'
309,398,ARG,BILARDO Carlos (ARG),S,18,Nery PUMPIDO,GK,Y83'
309,444,BRA,SANTANA Tele (BRA),S,4,EDINHO,C,G79' Y83'
309,444,POL,PIECHNICZEK Antoni (POL),S,20,Zbigniew BONIEK,C,Y30'
309,568,FRA,MICHEL Henri (FRA),S,10,Michel PLATINI,C,G15' O85'
309,511,ESP,MUNOZ Miguel (ESP),S,3,Jose Antonio CAMACHO,C,Y32'
714,440,FRA,MICHEL Henri (FRA),S,10,Michel PLATINI,C,G41'
714,575,MEX,MILUTINOVIC Bora (YUG),S,10,Tomas BOY,C,O32'
714,575,FRG,BECKENBAUER Franz (GER),S,11,Karl-Heinz RUMMENIGGE,C,O58'
714,421,BEL,THYS Guy (BEL),S,11,Jan CEULEMANS,C,G35'
714,392,ARG,BILARDO Carlos (ARG),S,10,Diego MARADONA,C,G51' G55'
3469,564,FRG,BECKENBAUER Franz (GER),S,11,Karl-Heinz RUMMENIGGE,C,O57'
3469,388,ARG,BILARDO Carlos (ARG),S,10,Diego MARADONA,C,G51' G63'
3468,422,BEL,THYS Guy (BEL),S,1,Jean Marie PFAFF,GK,Y63'
3468,422,BEL,THYS Guy (BEL),S,11,Jan CEULEMANS,C,G11'
3467,393,ARG,BILARDO Carlos (ARG),S,18,Nery PUMPIDO,GK,Y85'
3467,393,ARG,BILARDO Carlos (ARG),S,10,Diego MARADONA,C,Y17'
3467,393,FRG,BECKENBAUER Franz (GER),S,11,Karl-Heinz RUMMENIGGE,C,G74'
322,119,UAE,PARREIRA Carlos Alberto (BRA),S,7,FAHAD KHAMEES,C,O57'
322,119,COL,MATURANA Francisco (COL),S,10,Carlos VALDERRAMA,C,G85'
322,355,USA,GANSLER Bob (USA),S,1,Tony MEOLA,GK,Y39'
322,355,TCH,VENGLOS Jozef (SVK),S,4,Ivan HASEK,C,G50'
322,201,FRG,BECKENBAUER Franz (GER),S,10,Lothar MATTHAEUS,C,G28' G64'
322,151,EGY,EL GOHARY Mahmoud (EGY),S,10,Gamal ABDELHAMID,C,O70'
322,180,URU,TABAREZ Oscar (URU),S,9,Enzo FRANCESCOLI,C,Y80'
322,30,ARG,BILARDO Carlos (ARG),S,1,Nery PUMPIDO,GK,O11'
322,30,ARG,BILARDO Carlos (ARG),S,10,Diego MARADONA,C,Y70'
322,108,CMR,NEPOMNYASHCHI Valeri (RUS),S,16,Thomas NKONO,GK,Y68'
322,120,YUG,OSIM Ivica (BIH),S,11,Zlatko VUJOVIC,C,O53'
322,198,FRG,BECKENBAUER Franz (GER),S,10,Lothar MATTHAEUS,C,G47'
322,160,ENG,ROBSON Bobby (ENG),S,7,Bryan ROBSON,C,O64'
322,152,EGY,EL GOHARY Mahmoud (EGY),S,1,Ahmed SHOBEIR,GK,Y72'
322,175,ESP,SUAREZ Luis (ESP),S,9,Emilio BUTRAGUENO,C,O76'
322,66,BEL,THYS Guy (BEL),S,11,Jan CEULEMANS,C,G47'
322,364,YUG,OSIM Ivica (BIH),S,11,Zlatko VUJOVIC,C,O64'
322,48,AUT,HICKERSBERGER Josef (AUT),S,1,Klaus LINDENBERGER,GK,Y84'
322,48,USA,GANSLER Bob (USA),S,5,Michael WINDISCHMANN,C,Y58'
322,48,AUT,HICKERSBERGER Josef (AUT),S,9,Toni POLSTER,C,OH46'
322,128,CRC,MILUTINOVIC Bora (YUG),S,3,Roger FLORES,C,G75'
322,56,ESP,SUAREZ Luis (ESP),S,9,Emilio BUTRAGUENO,C,O82'
322,228,NED,BEENHAKKER Leo (NED),S,10,Ruud GULLIT,C,G11'
322,150,EGY,EL GOHARY Mahmoud (EGY),S,10,Gamal ABDELHAMID,C,O77'
323,129,TCH,VENGLOS Jozef (SVK),S,4,Ivan HASEK,C,Y53'
323,25,ARG,BILARDO Carlos (ARG),S,12,Sergio GOYCOCHEA,GK,Y87'
323,25,BRA,LAZARONI Sebastiao (BRA),S,3,RICARDO GOMES,C,R85'
323,196,FRG,BECKENBAUER Franz (GER),S,10,Lothar MATTHAEUS,C,Y77'
323,248,IRL,CHARLTON Jack (ENG),S,7,Paul McGRATH,C,Y107'
323,264,URU,TABAREZ Oscar (URU),S,1,Fernando ALVEZ,GK,Y25'
323,181,ESP,SUAREZ Luis (ESP),S,9,Emilio BUTRAGUENO,C,O79'
323,181,YUG,OSIM Ivica (BIH),S,11,Zlatko VUJOVIC,C,Y59'
751,197,FRG,BECKENBAUER Franz (GER),S,10,Lothar MATTHAEUS,C,P25'
751,103,CMR,NEPOMNYASHCHI Valeri (RUS),S,16,Thomas NKONO,GK,Y105'
751,103,ENG,ROBSON Bobby (ENG),S,6,Terry BUTCHER,C,I74'
3464,159,ENG,ROBSON Bobby (ENG),S,6,Terry BUTCHER,C,O70'
3462,27,ARG,BILARDO Carlos (ARG),S,10,Diego MARADONA,C,Y87'
337,3050,ESP,CLEMENTE Javier (ESP),S,20,NADAL,C,R25'
337,3049,BOL,Xavier AZKARGORTA URIARTE (ESP),S,6,Carlos BORJA,C,Y66'
337,3053,COL,MATURANA Francisco (COL),S,10,VALDERRAMA,C,Y53'
337,3053,ROU,IORDANESCU Anghel (ROU),S,10,HAGI,C,G34'
337,3054,MAR,BLINDA Abdellah (MAR),S,1,Khalil AZMI,GK,O89'
337,3054,BEL,VAN HIMST Paul (BEL),S,13,Georges GRUN,C,Y81'
337,3054,MAR,BLINDA Abdellah (MAR),S,10,Mustapha EL HADAOUI,C,O69'
337,3058,KSA,SOLARI Jorge (ARG),S,9,Majed ABDULLAH,C,O45'
337,3057,BRA,PARREIRA Carlos Alberto (BRA),S,10,RAI,C,P52'
337,3059,ARG,BASILE Alfio (ARG),S,10,Diego MARADONA,C,G60' O83'
337,3062,ROU,IORDANESCU Anghel (ROU),S,10,HAGI,C,G35'
337,3064,ITA,SACCHI Arrigo (ITA),S,1,PAGLIUCA,GK,R21'
337,3064,ITA,SACCHI Arrigo (ITA),S,6,Franco BARESI,C,O49'
337,3066,MEX,BARON Miguel Mejia (MEX),S,1,CAMPOS,GK,Y57'
337,3068,RUS,SADYRIN Pavel (RUS),S,16,Dmitri KHARIN,GKC,Y34'
337,3067,BRA,PARREIRA Carlos Alberto (BRA),S,10,RAI,C,O81'
337,3067,CMR,MICHEL Henri (FRA),S,14,Stephen TATAW,C,Y8'
337,3070,KSA,SOLARI Jorge (ARG),S,1,AL-DEAYEA,GK,Y90'
337,3074,COL,MATURANA Francisco (COL),S,10,VALDERRAMA,C,Y62'
337,3076,KOR,KIM Ho Kon (KOR),S,1,CHOI In Young,GKC,OH46'
337,3076,GER,VOGTS Berti (GER),S,10,MATTH�US,C,O64'
337,3076,KOR,KIM Ho Kon (KOR),N,22,LEE Woonjae,GK,IH46'
337,3077,IRL,CHARLTON Jack (ENG),S,7,Andy TOWNSEND,C,O74'
337,3080,BRA,PARREIRA Carlos Alberto (BRA),S,10,RAI,C,O83'
337,3079,CMR,MICHEL Henri (FRA),S,22,SONGO'O,GK,Y44'
337,3081,MAR,BLINDA Abdellah (MAR),S,4,TAHAR,C,Y14'
337,3082,KSA,SOLARI Jorge (ARG),S,9,Majed ABDULLAH,C,OH46'
337,3082,BEL,VAN HIMST Paul (BEL),S,10,SCIFO,C,Y61'
337,3083,NGA,WESTERHOF Clemens (NED),S,4,Stephen KESHI,C,Y70'
337,3083,GRE,PANAGOULIAS Alkis (GRE),S,10,Tassos MITROPOULOS,C,Y32' O71'
337,3084,ARG,BASILE Alfio (ARG),S,6,Oscar RUGGERI,C,Y34'
338,3085,GER,VOGTS Berti (GER),S,10,MATTH�US,C,OH46'
338,3085,BEL,VAN HIMST Paul (BEL),S,13,Georges GRUN,C,G8'
338,3086,SUI,Roy HODGSON (ENG),S,1,Marco PASCOLO,GK,Y85'
338,3087,SWE,SVENSSON Tommy (SWE),S,9,Jonas THERN,C,Y67' O70'
338,3087,KSA,SOLARI Jorge (ARG),S,13,Mohamed ABDELJAWAD,C,O54'
338,3088,ARG,BASILE Alfio (ARG),S,6,Oscar RUGGERI,C,Y33'
338,3088,ROU,IORDANESCU Anghel (ROU),S,10,HAGI,C,G58' O85'
338,3089,NED,Dick ADVOCAAT (NED),S,4,Ronald KOEMAN,C,Y72'
338,3091,ITA,SACCHI Arrigo (ITA),S,5,MALDINI,C,Y80'
796,3098,BRA,PARREIRA Carlos Alberto (BRA),S,8,DUNGA,C,Y74'
796,3096,BUL,PENEV Dimitar (BUL),S,1,Borislav MIHAYLOV,GKC,Y85'
796,3096,GER,VOGTS Berti (GER),S,10,MATTH�US,C,P47'
3461,3099,SWE,SVENSSON Tommy (SWE),S,9,Jonas THERN,C,R63'
3460,3103,BUL,PENEV Dimitar (BUL),S,1,Borislav MIHAYLOV,GKC,OH46'
1014,8727,CMR,LE ROY Claude (FRA),S,7,Francois OMAM-BIYIK,C,O84'
1014,8727,AUT,PROHASKA Herbert (AUT),S,19,Toni POLSTER,C,G90'
1014,8728,BUL,BONEV Hristo (BUL),S,3,Trifon IVANOV,C,Y73'
1014,8729,KSA,PARREIRA Carlos Alberto (BRA),S,6,F. AMIN,C,O78'
1014,8730,FRA,JACQUET Aime (FRA),S,7,Didier DESCHAMPS,C,Y53'
1014,8731,ESP,CLEMENTE Javier (ESP),S,1,ZUBIZARRETA,GKC,W73'
1014,8731,NGA,MILUTINOVIC Bora (YUG),S,5,UCHE,C,Y62'
1014,8732,MEX,LAPUENTE Manuel (MEX),S,8,Alberto GARCIA ASPE,C,Y27' O70'
1014,8734,JPN,OKADA Takeshi (JPN),S,4,Masami IHARA,C,Y26'
1014,8735,YUG,SANTRAC Slobodan (SRB),S,10,Dragan STOJKOVIC,C,Y60' O68'
1014,8740,ENG,HODDLE Glenn (ENG),S,9,Alan SHEARER,C,G42'
1014,8739,ROU,IORDANESCU Anghel (ROU),S,10,Gheorghe HAGI,C,O76'
1014,8738,GER,VOGTS Berti (GER),S,18,Juergen KLINSMANN,C,G67'
1014,8743,CHI,ACOSTA Nelson (URU),S,9,Ivan ZAMORANO,C,Y74'
1014,8744,CMR,LE ROY Claude (FRA),S,7,Francois OMAM-BIYIK,C,O66'
1014,8746,DEN,JOHANSSON Bo (SWE),S,1,Peter SCHMEICHEL,GK,Y57'
1014,8746,DEN,JOHANSSON Bo (SWE),S,10,LAUDRUP M.,C,O58'
1014,8746,RSA,TROUSSIER Philippe (FRA),S,19,Lucas RADEBE,C,Y73'
1014,8747,NGA,MILUTINOVIC Bora (YUG),S,5,UCHE,C,Y44'
1014,8751,CRO,BLAZEVIC Miroslav (BIH),S,9,Davor SUKER,C,G77'
1014,8750,BEL,LEEKENS Georges (BEL),S,6,Franky VAN DER ELST,C,O67'
1014,8750,MEX,LAPUENTE Manuel (MEX),S,8,Alberto GARCIA ASPE,C,P55' O67'
1014,8753,YUG,SANTRAC Slobodan (SRB),S,10,Dragan STOJKOVIC,C,G52'
1014,8752,ARG,PASSARELLA Daniel (ARG),S,8,Diego SIMEONE,C,O80'
1014,8754,USA,SAMPSON Steve (USA),S,5,Thomas DOOLEY,C,O82'
1014,8756,ROU,IORDANESCU Anghel (ROU),S,10,Gheorghe HAGI,C,Y4' O72'
1014,8757,ITA,MALDINI Cesare (ITA),S,3,Paolo MALDINI,C,Y87'
1014,8757,AUT,PROHASKA Herbert (AUT),S,19,Toni POLSTER,C,O62'
1014,8762,DEN,JOHANSSON Bo (SWE),S,10,LAUDRUP M.,C,P42'
1014,8764,RSA,TROUSSIER Philippe (FRA),S,19,Lucas RADEBE,C,Y65'
1014,8765,KOR,KIM Pyung Seok (KOR),S,1,KIM B. J.,GK,Y83'
1014,8765,KOR,KIM Pyung Seok (KOR),S,6,YOO S. C.,C,G72'
1014,8765,BEL,LEEKENS Georges (BEL),S,14,Enzo SCIFO,C,O65'
1014,8767,GER,VOGTS Berti (GER),S,18,Juergen KLINSMANN,C,Y31' G57'
1014,8768,USA,SAMPSON Steve (USA),S,5,Thomas DOOLEY,C,O81'
1014,8768,YUG,SANTRAC Slobodan (SRB),S,10,Dragan STOJKOVIC,C,O62'
1014,8772,CRO,BLAZEVIC Miroslav (BIH),S,10,Zvonimir BOBAN,C,Y47'
1014,8770,ENG,HODDLE Glenn (ENG),S,9,Alan SHEARER,C,Y89'
1024,8774,ITA,MALDINI Cesare (ITA),S,3,Paolo MALDINI,C,Y89'
1024,8773,CHI,ACOSTA Nelson (URU),S,1,Nelson TAPIA,GK,Y45'
1024,8776,PAR,CARPEGIANI (BRA),S,1,CHILAVERT,GKC,Y19'
1024,8775,DEN,JOHANSSON Bo (SWE),S,10,LAUDRUP M.,C,O82'
1024,8777,MEX,LAPUENTE Manuel (MEX),S,8,Alberto GARCIA ASPE,C,O86'
1024,8777,GER,VOGTS Berti (GER),S,18,Juergen KLINSMANN,C,G74'
1024,8778,YUG,SANTRAC Slobodan (SRB),S,10,Dragan STOJKOVIC,C,Y38' O56'
1024,8780,CRO,BLAZEVIC Miroslav (BIH),S,10,Zvonimir BOBAN,C,Y27'
1024,8780,ROU,IORDANESCU Anghel (ROU),S,10,Gheorghe HAGI,C,O56'
1024,8779,ARG,PASSARELLA Daniel (ARG),S,1,Carlos ROA,GK,Y110'
1024,8779,ENG,HODDLE Glenn (ENG),S,1,David SEAMAN,GK,Y5'
1024,8779,ARG,PASSARELLA Daniel (ARG),S,8,Diego SIMEONE,C,I91' Y47'
1024,8779,ENG,HODDLE Glenn (ENG),S,9,Alan SHEARER,C,P9'
1025,8781,FRA,JACQUET Aime (FRA),S,7,Didier DESCHAMPS,C,Y62'
1026,8786,CRO,BLAZEVIC Miroslav (BIH),S,10,Zvonimir BOBAN,C,O63'
1028,8787,CRO,BLAZEVIC Miroslav (BIH),S,10,Zvonimir BOBAN,C,O86'
1027,8788,FRA,JACQUET Aime (FRA),S,7,Didier DESCHAMPS,C,Y39'
43950100,43950001,SEN,METSU Bruno (FRA),S,6,CISSE,C,Y51'
43950100,43950003,DEN,OLSEN Morten (DEN),S,5,HEINTZE,C,Y34' O58'
43950100,43950007,ARG,BIELSA Marcelo (ARG),S,11,VERON,C,O78'
43950100,43950006,PAR,MALDINI Cesare (ITA),S,22,TAVARELLI,GK,Y90'
43950100,43950005,ENG,Sven-G�ran ERIKSSON (SWE),S,7,BECKHAM,C,O63'
43950100,43950008,ESP,CAMACHO Jose Antonio (ESP),S,6,HIERRO,C,P87'
43950100,43950011,ECU,GOMEZ Hernan (COL),S,10,AGUINAGA,C,O46'
43950100,43950009,CRO,JOZIC Mirko (CRO),S,9,SUKER,C,O64'
43950100,43950013,JPN,TROUSSIER Philippe (FRA),S,4,MORIOKA,C,O71'
43950100,43950013,BEL,WASEIGE Robert (BEL),S,7,WILMOTS,C,G57'
43950100,43950015,TUN,SOUAYAH Ammar (TUN),S,11,SELLIMI,C,O67'
43950100,43950016,USA,ARENA Bruce (USA),S,8,STEWART,C,O46'
43950100,43950017,IRL,MC CARTHY Mick (IRL),S,5,STAUNTON,C,O87'
43950100,43950021,SWE,SODERBERG Tommy (SWE),S,4,MJALLBY,C,Y31'
43950100,43950023,ENG,Sven-G�ran ERIKSSON (SWE),S,7,BECKHAM,C,P44'
43950100,43950023,ARG,BIELSA Marcelo (ARG),S,11,VERON,C,O46'
43950100,43950022,ESP,CAMACHO Jose Antonio (ESP),S,6,HIERRO,C,P83'
43950100,43950024,SVN,KATANEC Srecko (SVN),S,8,CEH A.,C,Y62'
43950100,43950024,RSA,SONO Jomo (RSA),S,19,RADEBE,C,Y12'
43950100,43950026,CHN,MILUTINOVIC Bora (YUG),S,9,M Y MA,C,O62'
43950100,43950028,TUR,GUNES Senol (TUR),S,9,HAKAN SUKUR,C,O75'
43950100,43950029,JPN,TROUSSIER Philippe (FRA),S,17,MIYAMOTO,C,Y15'
43950100,43950027,ECU,GOMEZ Hernan (COL),S,1,CEVALLOS,GK,Y27'
43950100,43950030,KOR,HIDDINK Guus (NED),S,20,M B HONG,C,Y80'
43950100,43950031,BEL,WASEIGE Robert (BEL),S,7,WILMOTS,C,G13'
43950100,43950034,URU,PUA Victor (URU),S,1,F.CARINI,GK,Y19'
43950100,43950034,URU,PUA Victor (URU),S,4,P.MONTERO,C,Y82'
43950100,43950036,IRL,MC CARTHY Mick (IRL),S,5,STAUNTON,C,Y70'
43950100,43950035,GER,VOELLER Rudi (GER),S,1,KAHN,GKC,Y42'
43950100,43950035,CMR,SCHAEFER Winni (GER),S,4,SONG,C,Y42'
43950100,43950037,ARG,BIELSA Marcelo (ARG),S,9,BATISTUTA,C,O58'
43950100,43950039,RSA,SONO Jomo (RSA),S,19,RADEBE,C,G53' O80'
43950100,43950041,BRA,SCOLARI Luiz Felipe (BRA),S,2,CAFU,C,Y90'
43950100,43950042,TUR,GUNES Senol (TUR),S,1,RUSTU ,GK,O35'
43950100,43950042,TUR,GUNES Senol (TUR),N,12,OMER,GK,I35'
43950100,43950043,MEX,Javier AGUIRRE (MEX),S,1,O. PEREZ,GK,Y84'
43950100,43950045,TUN,SOUAYAH Ammar (TUN),S,2,BADRA,C,Y81'
43950100,43950048,POL,ENGEL Jerzy (POL),S,12,MAJDAN,GK,Y44'
43950100,43950046,BEL,WASEIGE Robert (BEL),S,7,WILMOTS,C,G82'
43950200,43950052,IRL,MC CARTHY Mick (IRL),S,5,STAUNTON,C,O50'
43950200,43950052,ESP,CAMACHO Jose Antonio (ESP),S,6,HIERRO,C,Y89'
43950200,43950053,USA,ARENA Bruce (USA),S,1,FRIEDEL,GK,Y83'
43950200,43950053,MEX,Javier AGUIRRE (MEX),S,4,R. MARQUEZ,C,R88'
43950200,43950055,TUR,GUNES Senol (TUR),S,9,HAKAN SUKUR,C,Y90'
43950200,43950056,KOR,HIDDINK Guus (NED),S,20,M B HONG,C,O83'
43950300,43950058,USA,ARENA Bruce (USA),S,10,REYNA,C,Y68'
43950300,43950060,SEN,METSU Bruno (FRA),S,6,CISSE,C,Y63'
43950300,43950060,TUR,GUNES Senol (TUR),S,9,HAKAN SUKUR,C,O67'
43950400,43950061,KOR,HIDDINK Guus (NED),S,20,M B HONG,C,O80'
43950500,43950063,TUR,GUNES Senol (TUR),S,1,RUSTU ,GK,Y83'
43950500,43950063,TUR,GUNES Senol (TUR),S,9,HAKAN SUKUR,C,G1'
43950500,43950063,KOR,HIDDINK Guus (NED),S,20,M B HONG,C,O46'
97410100,97410001,GER,J�rgen KLINSMANN (GER),S,19,SCHNEIDER,C,O90'
97410100,97410002,ECU,SUAREZ Luis (COL),S,3,I. HURTADO,C,Y31' O69'
97410100,97410003,PAR,RUIZ LEITES Anibal (URU),S,1,VILLAR,GK,O8'
97410100,97410003,PAR,RUIZ LEITES Anibal (URU),S,4,GAMARRA,C,W2'
97410100,97410004,TRI,BEENHAKKER Leo (NED),S,19,YORKE,C,Y74'
97410100,97410005,CIV,MICHEL Henri (FRA),S,11,DROGBA,C,G82' Y90'
97410100,97410006,SCG,PETKOVIC Ilija (SCG),S,9,MILOSEVIC,C,O46'
97410100,97410008,ANG,GONCALVES Luis (ANG),S,10,AKW�,C,O60'
97410100,97410012,JPN,ZICO (BRA),S,5,MIYAMOTO,C,Y31'
97410100,97410010,USA,ARENA Bruce (USA),S,10,REYNA,C,Y60'
97410100,97410014,TOG,PFISTER Otto (GER),S,3,ABALO,C,Y23' Y53' RSY53'
97410100,97410013,FRA,DOMENECH Raymond (FRA),S,10,ZIDANE,C,Y72'
97410100,97410011,CRO,KRANJCAR Zlatko (CRO),S,10,N. KOVAC,C,Y32' O41'
97410100,97410016,TUN,LEMERRE Roger (FRA),S,13,BOUAZIZI,C,Y36' O55'
97410100,97410017,POL,JANAS Pawel (POL),S,1,BORUC,GK,Y89'
97410100,97410017,GER,J�rgen KLINSMANN (GER),S,13,BALLACK,C,Y58'
97410100,97410018,ECU,SUAREZ Luis (COL),S,12,C. MORA,GK,Y60'
97410100,97410018,CRC,GUIMARAES Alexandre (CRC),S,3,MARIN L.,C,Y10'
97410100,97410019,TRI,BEENHAKKER Leo (NED),S,1,HISLOP,GK,Y47'
97410100,97410021,SCG,PETKOVIC Ilija (SCG),S,9,MILOSEVIC,C,O70'
97410100,97410022,CIV,MICHEL Henri (FRA),S,11,DROGBA,C,Y41'
97410100,97410023,ANG,GONCALVES Luis (ANG),S,1,JO�O RICARDO,GK,Y86'
97410100,97410024,IRN,IVANKOVIC Branko (CRO),S,4,Y.GOLMOHAMMADI,C,O88' Y88'
97410100,97410024,POR,SCOLARI Luiz Felipe (BRA),S,7,FIGO,C,O88'
97410100,97410026,CZE,BRUCKNER Karel (CZE),S,4,GALASEK,C,OH46'
97410100,97410028,JPN,ZICO (BRA),S,23,KAWAGUCHI,GK,Y42'
97410100,97410028,JPN,ZICO (BRA),S,5,MIYAMOTO,C,Y21'
97410100,97410027,BRA,PARREIRA Carlos Alberto (BRA),S,2,CAFU,C,Y29'
97410100,97410029,FRA,DOMENECH Raymond (FRA),S,10,ZIDANE,C,Y85' O90'
97410100,97410030,SUI,KUHN Koebi (SUI),S,6,VOGEL,C,Y90'
97410100,97410032,UKR,BLOKHIN Oleg (UKR),S,7,SHEVCHENKO,C,G46' O86'
97410100,97410031,TUN,LEMERRE Roger (FRA),S,13,BOUAZIZI,C,O57'
97410100,97410033,ECU,SUAREZ Luis (COL),S,15,M. AYOVI,C,O68'
97410100,97410034,POL,JANAS Pawel (POL),S,1,BORUC,GK,Y90'
97410100,97410034,CRC,GUIMARAES Alexandre (CRC),S,3,MARIN L.,C,Y45'
97410100,97410034,POL,JANAS Pawel (POL),S,6,BAK,C,Y24'
97410100,97410040,ANG,GONCALVES Luis (ANG),S,10,AKW�,C,O51'
97410100,97410039,MEX,LA VOLPE Ricardo (ARG),S,4,R. MARQUEZ,C,Y65'
97410100,97410039,POR,SCOLARI Luiz Felipe (BRA),S,7,FIGO,C,O80'
97410100,97410038,CIV,MICHEL Henri (FRA),S,17,DOMORAUD,C,Y41' Y90' RSY90'
97410100,97410042,GHA,DUJKOVIC Ratomir (SRB),S,10,S. APPIAH,C,P45' Y90'
97410100,97410042,USA,ARENA Bruce (USA),S,10,REYNA,C,O40'
97410100,97410043,BRA,PARREIRA Carlos Alberto (BRA),S,1,DIDA,GKC,O82'
97410100,97410043,BRA,PARREIRA Carlos Alberto (BRA),N,12,R. CENI,GK,I82'
97410100,97410044,CRO,KRANJCAR Zlatko (CRO),S,1,PLETIKOSA,GK,Y70'
97410100,97410044,CRO,KRANJCAR Zlatko (CRO),S,10,N. KOVAC,C,G56'
97410100,97410048,UKR,BLOKHIN Oleg (UKR),S,7,SHEVCHENKO,C,P70' O88'
97410100,97410048,TUN,LEMERRE Roger (FRA),S,13,BOUAZIZI,C,Y43' O79'
97410100,97410047,ESP,ARAGONES Luis (ESP),S,7,RAUL,C,OH46'
97410100,97410047,KSA,MARCOS PAQUETA (BRA),S,9,ALJABER ,C,Y27' O68'
97410100,97410045,FRA,DOMENECH Raymond (FRA),S,4,VIEIRA,C,G55' O81'
97410200,97410050,ARG,Jos� P�KERMAN (ARG),S,3,SORIN,C,Y112'
97410200,97410050,MEX,LA VOLPE Ricardo (ARG),S,4,R. MARQUEZ,C,G6' Y70'
97410200,97410051,ENG,Sven-G�ran ERIKSSON (SWE),S,1,ROBINSON,GK,Y78'
97410200,97410051,ENG,Sven-G�ran ERIKSSON (SWE),S,7,BECKHAM,C,G60' O87'
97410200,97410052,POR,SCOLARI Luiz Felipe (BRA),S,1,RICARDO,GK,Y76'
97410200,97410052,POR,SCOLARI Luiz Felipe (BRA),S,7,FIGO,C,Y60' O84'
97410200,97410055,GHA,DUJKOVIC Ratomir (SRB),S,10,S. APPIAH,C,Y7'
97410200,97410056,ESP,ARAGONES Luis (ESP),S,7,RAUL,C,O54'
97410200,97410056,FRA,DOMENECH Raymond (FRA),S,10,ZIDANE,C,Y90' G90'
97410300,97410057,ARG,Jos� P�KERMAN (ARG),S,1,ABBONDANZIERI,GK,O71'
97410300,97410057,ARG,Jos� P�KERMAN (ARG),S,3,SORIN,C,Y46'
97410300,97410059,POR,SCOLARI Luiz Felipe (BRA),S,7,FIGO,C,O86'
97410300,97410059,ENG,Sven-G�ran ERIKSSON (SWE),S,7,BECKHAM,C,O52'
97410300,97410060,BRA,PARREIRA Carlos Alberto (BRA),S,2,CAFU,C,Y25' O76'
97410400,97410062,FRA,DOMENECH Raymond (FRA),S,10,ZIDANE,C,P33'
97410500,97410063,POR,SCOLARI Luiz Felipe (BRA),S,9,PAULETA,C,O77'
97410600,97410064,FRA,DOMENECH Raymond (FRA),S,10,ZIDANE,C,P7' R110'
249722,300061454,MEX,Javier AGUIRRE (MEX),S,6,G TORRADO,C,Y57'
249722,300061453,URU,TABAREZ Oscar (URU),S,2,LUGANO,C,Y90'
249722,300061453,FRA,DOMENECH Raymond (FRA),S,13,EVRA,C,Y12'
249722,300061459,KOR,HUH Jungmoo (KOR),S,7,JISUNG,C,G52'
249722,300061459,GRE,REHHAGEL Otto (GER),S,10,KARAGOUNIS,C,O46'
249722,300061466,ENG,CAPELLO Fabio (ITA),S,4,GERRARD,C,G4' Y61'
249722,300061465,SVN,KEK Matjaz (SVN),S,8,KOREN,C,G79'
249722,300111116,AUS,VERBEEK Pim (NED),S,2,NEILL,C,Y46'
249722,300061477,JPN,OKADA Takeshi (JPN),S,17,HASEBE,C,O88'
249722,300061484,ITA,LIPPI Marcello (ITA),S,1,BUFFON,GK,OH46'
249722,300061484,ITA,LIPPI Marcello (ITA),N,12,MARCHETTI,GK,IH46'
249722,300061489,POR,Carlos QUEIR�S (POR),S,7,RONALDO,C,Y21'
249722,300061495,HON,MENDOZA Alexis (COL),S,20,GUEVARRA,C,O66'
249722,300111112,SUI,HITZFELD Ottmar (GER),S,1,BENAGLIO,GK,Y90'
249722,300061452,RSA,PARREIRA Carlos Alberto (BRA),S,16,KHUNE,GK,R76'
249722,300061452,RSA,PARREIRA Carlos Alberto (BRA),N,1,JOSEPHS,GK,I79'
249722,300061458,ARG,MARADONA Diego (ARG),S,14,MASCHERANO,C,Y55'
249722,300061470,GER,LOEW Joachim (GER),S,16,LAHM,C,Y32'
249722,300111117,JPN,OKADA Takeshi (JPN),S,17,HASEBE,C,O77'
249722,300061475,DEN,OLSEN Morten (DEN),S,1,S�RENSEN,GK,Y86'
249722,300061475,CMR,Paul LE GUEN (FRA),S,9,ETO'O,C,G10'
249722,300061475,DEN,OLSEN Morten (DEN),S,9,TOMASSON,C,O86'
249722,300061482,NZL,HERBERT Ricki (NZL),S,6,NELSEN,C,Y87'
249722,300061488,CIV,ERIKSSON Sven Goran (SWE),S,11,DROGBA,C,G79'
249722,300061487,POR,Carlos QUEIR�S (POR),S,7,RONALDO,C,G87'
249722,300061487,PRK,KIM Jong Hun (PRK),S,10,H. YONG JO,C,Y47'
249722,300061493,SUI,HITZFELD Ottmar (GER),S,9,FREI,C,O42'
249722,300061450,MEX,Javier AGUIRRE (MEX),S,10,C BLANCO,C,O63'
249722,300061449,FRA,DOMENECH Raymond (FRA),S,18,A. DIARRA,C,O82'
249722,300111115,NGA,LAGERBACK Lars (SWE),S,1,ENYEAMA,GK,Y31'
249722,300111115,NGA,LAGERBACK Lars (SWE),S,4,KANU,C,O57'
249722,300061455,GRE,REHHAGEL Otto (GER),S,10,KARAGOUNIS,C,OH46'
249722,300061461,ALG,SAADANE Rabah (ALG),S,4,YAHIA,C,Y76' Y90' RSY90'
249722,300061480,SVK,WEISS Vladimir (SVK),S,1,MUCHA,GK,Y82'
249722,300061480,ITA,LIPPI Marcello (ITA),S,5,CANNAVARO,C,Y31'
249722,300061479,NZL,HERBERT Ricki (NZL),S,6,NELSEN,C,Y56'
249722,300061474,DEN,OLSEN Morten (DEN),S,9,TOMASSON,C,MP81' G81'
249722,300061473,NED,Bert VAN MARWIJK (NED),S,5,V. BRONCKHORST,C,Y70'
249722,300061473,CMR,Paul LE GUEN (FRA),S,9,ETO'O,C,P65'
249717,300061503,USA,Bob BRADLEY (USA),S,3,BOCANEGRA,C,Y68'
249717,300061502,MEX,Javier AGUIRRE (MEX),S,4,R MARQUEZ,C,Y28'
249717,300111113,NED,Bert VAN MARWIJK (NED),S,1,STEKELENBURG,GK,Y90'
249717,300111113,SVK,WEISS Vladimir (SVK),S,17,HAMSIK,C,O87'
249718,300061508,URU,TABAREZ Oscar (URU),S,2,LUGANO,C,O38'
249718,300061508,GHA,RAJEVAC Milovan (SRB),S,5,MENSAH,C,Y93'
249718,300061505,ARG,MARADONA Diego (ARG),S,14,MASCHERANO,C,Y80'
249719,300061512,NED,Bert VAN MARWIJK (NED),S,5,V. BRONCKHORST,C,G18'
249719,300061512,URU,TABAREZ Oscar (URU),S,10,FORLAN,C,G41' O84'
249721,300061509,NED,Bert VAN MARWIJK (NED),S,5,V. BRONCKHORST,C,Y54' O105'
255931,300186510,ESP,DEL BOSQUE Vicente (ESP),S,1,I. CASILLAS,GKC,Y65'
255931,300186510,NED,Louis VAN GAAL (NED),S,9,V. PERSIE,C,G44' Y66' G72' O79'
255931,300186473,AUS,POSTECOGLOU Ange (AUS),S,15,JEDINAK,C,Y58'
255931,300186489,URU,TABAREZ Oscar (URU),S,2,D. LUGANO,C,Y50'
255931,300186489,CRC,PINTO Jorge Luis (COL),S,10,RUIZ B.,C,O83'
255931,300186507,JPN,ZACCHERONI Alberto (ITA),S,17,HASEBE,C,O54'
255931,300186496,HON,SUAREZ Luis (COL),S,18,VALLADARES,GKC,W48'
255931,300186477,BIH,SUSIC Safet (BIH),S,4,SPAHI?,C,Y63'
255931,300186477,ARG,SABELLA Alejandro (ARG),S,10,MESSI,C,G65'
255931,300186512,USA,KLINSMANN Juergen (GER),S,8,DEMPSEY,C,G1'
255931,300186509,BRA,SCOLARI Luiz Felipe (BRA),S,3,T SILVA,C,Y79'
255931,300186499,KOR,HONG Myungbo (KOR),S,13,J C KOO,C,Y90'
255931,300186478,AUS,POSTECOGLOU Ange (AUS),S,15,JEDINAK,C,P54'
255931,300186478,NED,Louis VAN GAAL (NED),S,9,V. PERSIE,C,Y47' G58' O87'
255931,300186486,URU,TABAREZ Oscar (URU),S,3,D. GODIN,C,Y9'
255931,300186486,ENG,HODGSON Roy (ENG),S,4,GERRARD,C,Y68'
255931,300186454,JPN,ZACCHERONI Alberto (ITA),S,17,HASEBE,C,Y12' OH46'
255931,300186454,GRE,SANTOS Fernando (POR),S,21,KATSOURANIS,C,Y27' Y38' RSY38'
255931,300186500,CRC,PINTO Jorge Luis (COL),S,10,RUIZ B.,C,G44' O81'
255931,300186463,ECU,RUEDA Reinaldo (COL),S,16,A. VALENCIA,C,Y57'
255931,300186466,IRN,Carlos QUEIR�S (POR),S,6,J. NEKOUNAM,C,Y53'
255931,300186466,ARG,SABELLA Alejandro (ARG),S,10,MESSI,C,G90'
255931,300186493,GHA,APPIAH James (GHA),S,3,A. GYAN,C,G63'
255931,300186495,ALG,HALILHODZIC Vahid (BIH),S,2,BOUGUERRA,C,Y67' O89'
255931,300186495,KOR,HONG Myungbo (KOR),S,13,J C KOO,C,G72'
255931,300186483,USA,KLINSMANN Juergen (GER),S,8,DEMPSEY,C,G81' O87'
255931,300186467,AUS,POSTECOGLOU Ange (AUS),S,15,JEDINAK,C,Y90'
255931,300186467,ESP,DEL BOSQUE Vicente (ESP),S,15,RAMOS,C,Y62'
255931,300186452,MEX,HERRERA Miguel (MEX),S,4,R. MARQUEZ,C,Y39' G72'
255931,300186465,URU,TABAREZ Oscar (URU),S,1,F. MUSLERA,GK,Y90'
255931,300186465,URU,TABAREZ Oscar (URU),S,3,D. GODIN,C,G81'
255931,300186457,COL,PEKERMAN Jose (ARG),S,1,OSPINA,GKC,O85'
255931,300186457,COL,PEKERMAN Jose (ARG),N,22,MONDRAGON,GK,I85'
255931,300186455,GRE,SANTOS Fernando (POR),S,1,KARNEZIS,GK,O24'
255931,300186455,GRE,SANTOS Fernando (POR),S,10,KARAGOUNIS,C,O78'
255931,300186455,CIV,LAMOUCHI Sabri (FRA),S,11,DROGBA,C,Y37' O78'
255931,300186455,GRE,SANTOS Fernando (POR),N,12,GLYKOS,GK,I24'
255931,300186458,ARG,SABELLA Alejandro (ARG),S,10,MESSI,C,G3' G45' O63'
255931,300186515,ECU,RUEDA Reinaldo (COL),S,16,A. VALENCIA,C,R50'
255931,300186476,POR,PAULO BENTO (POR),S,22,BETO,GK,O89'
255931,300186476,GHA,APPIAH James (GHA),S,3,A. GYAN,C,G57'
255931,300186476,POR,PAULO BENTO (POR),S,7,RONALDO,C,G80'
255931,300186476,POR,PAULO BENTO (POR),N,1,EDUARDO,GK,I89'
255931,300186480,BEL,WILMOTS Marc (BEL),S,5,VERTONGHEN,C,G78'
255951,300186462,NGA,KESHI Stephen (NGA),S,2,YOBO,C,W90'
255951,300186460,ALG,HALILHODZIC Vahid (BIH),S,5,HALLICHE,C,Y42' O97'
255951,300186460,GER,LOEW Joachim (GER),S,16,LAHM,C,Y107'
255953,300186461,BRA,SCOLARI Luiz Felipe (BRA),S,12,JULIO CESAR,GK,Y78'
255953,300186461,BRA,SCOLARI Luiz Felipe (BRA),S,3,T SILVA,C,G7' Y64'
255953,300186461,COL,PEKERMAN Jose (ARG),S,3,YEPES,C,Y69'
255957,300186502,NED,Louis VAN GAAL (NED),S,1,CILLESSEN,GK,O90'
255957,300186502,BRA,SCOLARI Luiz Felipe (BRA),S,3,T SILVA,C,Y2'
255957,300186502,NED,Louis VAN GAAL (NED),S,9,V. PERSIE,C,P3'
255957,300186502,NED,Louis VAN GAAL (NED),N,22,VORM,GK,I90'
255955,300186490,NED,Louis VAN GAAL (NED),S,9,V. PERSIE,C,O96'
255953,300186488,NED,Louis VAN GAAL (NED),S,1,CILLESSEN,GK,O120'
255953,300186488,NED,Louis VAN GAAL (NED),N,23,KRUL,GK,I120'
255951,300186508,MEX,HERRERA Miguel (MEX),S,4,R. MARQUEZ,C,Y90'
255951,300186508,NED,Louis VAN GAAL (NED),S,9,V. PERSIE,C,O76'
255951,300186459,CRC,PINTO Jorge Luis (COL),S,1,NAVAS K.,GK,Y90'
255951,300186459,CRC,PINTO Jorge Luis (COL),S,10,RUIZ B.,C,G52' Y70'
255951,300186497,BEL,WILMOTS Marc (BEL),S,4,KOMPANY,C,Y42'
255951,300186508,MEX,HERRERA Miguel (MEX),S,4,R. MARQUEZ,C,Y90'
255951,300186508,NED,Louis VAN GAAL (NED),S,9,V. PERSIE,C,O76'
255951,300186459,CRC,PINTO Jorge Luis (COL),S,1,NAVAS K.,GK,Y90'
255951,300186459,CRC,PINTO Jorge Luis (COL),S,10,RUIZ B.,C,G52' Y70'
255951,300186462,NGA,KESHI Stephen (NGA),S,2,YOBO,C,W90'
255951,300186460,ALG,HALILHODZIC Vahid (BIH),S,5,HALLICHE,C,Y42' O97'
255951,300186460,GER,LOEW Joachim (GER),S,16,LAHM,C,Y107'
255951,300186497,BEL,WILMOTS Marc (BEL),S,4,KOMPANY,C,Y42'
255953,300186461,BRA,SCOLARI Luiz Felipe (BRA),S,12,JULIO CESAR,GK,Y78'
255953,300186461,BRA,SCOLARI Luiz Felipe (BRA),S,3,T SILVA,C,G7' Y64'
255953,300186461,COL,PEKERMAN Jose (ARG),S,3,YEPES,C,Y69'
255953,300186488,NED,Louis VAN GAAL (NED),S,1,CILLESSEN,GK,O120'
255953,300186488,NED,Louis VAN GAAL (NED),N,23,KRUL,GK,I120'
255955,300186490,NED,Louis VAN GAAL (NED),S,9,V. PERSIE,C,O96'
255957,300186502,NED,Louis VAN GAAL (NED),S,1,CILLESSEN,GK,O90'
255957,300186502,BRA,SCOLARI Luiz Felipe (BRA),S,3,T SILVA,C,Y2'
255957,300186502,NED,Louis VAN GAAL (NED),S,9,V. PERSIE,C,P3'
255957,300186502,NED,Louis VAN GAAL (NED),N,22,VORM,GK,I90'
